Signal,Entry,StopLoss,Target,Exit,Result,HoldingCandles,PnL
BUY CALL,24308.35,24282.76,24359.52,24282.76,LOSS,4,-25.59
BUY CALL,24301.05,24274.92,24353.32,24274.92,LOSS,5,-26.13
BUY CALL,24295.7,24269.87,24347.35,24269.87,LOSS,3,-25.83
BUY CALL,24282.65,24255.97,24336.01,24255.97,LOSS,2,-26.68
BUY CALL,24279.35,24249.15,24339.75,24255.69921875,EOD EXIT,10,-23.65
BUY PUT,24263.8,24236.68,24318.04,24318.04,WIN,1,54.24
BUY CALL,24350.5,24307.47,24436.56,24307.47,LOSS,4,-43.03
BUY CALL,24353.15,24309.25,24440.95,24309.25,LOSS,2,-43.9
BUY CALL,24345.75,24303.63,24430.0,24303.63,LOSS,2,-42.12
BUY CALL,24310.0,24267.41,24395.18,24352.099609375,EOD EXIT,10,42.1
BUY CALL,24349.3,24305.48,24436.93,24341.0,EOD EXIT,10,-8.3
BUY CALL,24358.65,24313.4,24449.15,24357.69921875,EOD EXIT,10,-0.95
BUY CALL,24354.8,24308.38,24447.65,24353.55078125,EOD EXIT,10,-1.25
BUY CALL,24357.55,24313.38,24445.89,24356.75,EOD EXIT,10,-0.8
BUY CALL,24353.85,24316.64,24428.27,24357.75,EOD EXIT,10,3.9
BUY CALL,24392.6,24376.83,24424.14,24424.14,WIN,5,31.54
BUY CALL,24396.15,24380.74,24426.98,24426.98,WIN,6,30.83
BUY CALL,24401.75,24386.32,24432.61,24398.80078125,EOD EXIT,10,-2.95
BUY CALL,24413.1,24397.19,24444.91,24397.19,LOSS,9,-15.91
BUY CALL,24408.75,24392.54,24441.16,24392.54,LOSS,10,-16.21
BUY CALL,24413.75,24396.57,24448.11,24396.57,LOSS,7,-17.18
BUY CALL,24414.45,24397.37,24448.61,24397.37,LOSS,6,-17.08
BUY CALL,24418.85,24401.12,24454.3,24401.12,LOSS,5,-17.73
BUY CALL,24414.8,24396.85,24450.7,24396.85,LOSS,4,-17.95
BUY CALL,24420.6,24403.11,24455.58,24403.11,LOSS,3,-17.49
BUY CALL,24423.6,24406.76,24457.28,24406.76,LOSS,2,-16.84
BUY CALL,24417.85,24400.47,24452.61,24400.47,LOSS,1,-17.38
BUY PUT,24391.15,24371.95,24429.55,24429.55,WIN,1,38.4
BUY PUT,24395.45,24375.5,24435.35,24435.35,WIN,1,39.9
BUY PUT,24394.3,24373.62,24435.67,24435.67,WIN,1,41.37
BUY PUT,24375.1,24352.53,24420.23,24420.23,WIN,1,45.13
BUY PUT,24373.4,24350.92,24418.37,24418.37,WIN,1,44.97
BUY PUT,24360.55,24338.76,24404.14,24404.14,WIN,1,43.59
BUY PUT,24366.7,24342.92,24414.26,24342.92,LOSS,1,-23.78
BUY CALL,24530.1,24485.8,24618.71,24567.19921875,EOD EXIT,10,37.1
BUY CALL,24527.05,24481.83,24617.49,24579.19921875,EOD EXIT,10,52.15
BUY CALL,24550.2,24504.94,24640.72,24588.150390625,EOD EXIT,10,37.95
BUY CALL,24553.45,24507.94,24644.47,24578.19921875,EOD EXIT,10,24.75
BUY CALL,24554.4,24509.45,24644.3,24580.80078125,EOD EXIT,10,26.4
BUY CALL,24558.05,24513.23,24647.7,24570.349609375,EOD EXIT,10,12.3
BUY CALL,24548.25,24503.03,24638.69,24584.19921875,EOD EXIT,10,35.95
BUY CALL,24559.6,24514.46,24649.89,24583.650390625,EOD EXIT,10,24.05
BUY CALL,24564.7,24520.82,24652.45,24588.849609375,EOD EXIT,10,24.15
BUY CALL,24568.4,24524.69,24655.83,24589.900390625,EOD EXIT,10,21.5
BUY CALL,24567.2,24523.25,24655.1,24586.44921875,EOD EXIT,10,19.25
BUY CALL,24579.2,24534.96,24667.69,24598.150390625,EOD EXIT,10,18.95
BUY CALL,24588.15,24543.3,24677.86,24593.650390625,EOD EXIT,10,5.5
BUY CALL,24578.2,24534.0,24666.6,24589.44921875,EOD EXIT,10,11.25
BUY CALL,24580.8,24557.0,24628.4,24591.599609375,EOD EXIT,10,10.8
BUY CALL,24570.35,24546.94,24617.17,24598.150390625,EOD EXIT,10,27.8
BUY CALL,24584.2,24561.42,24629.77,24591.75,EOD EXIT,10,7.55
BUY CALL,24583.65,24561.56,24627.82,24585.44921875,EOD EXIT,10,1.8
BUY CALL,24588.85,24567.11,24632.33,24593.849609375,EOD EXIT,10,5.0
BUY CALL,24589.9,24568.46,24632.79,24592.30078125,EOD EXIT,10,2.4
BUY CALL,24586.45,24564.91,24629.52,24597.849609375,EOD EXIT,10,11.4
BUY CALL,24598.15,24576.51,24641.42,24601.599609375,EOD EXIT,10,3.45
BUY CALL,24593.65,24572.17,24636.6,24592.0,EOD EXIT,10,-1.65
BUY CALL,24589.45,24568.31,24631.74,24588.25,EOD EXIT,10,-1.2
BUY CALL,24591.6,24570.26,24634.27,24597.0,EOD EXIT,10,5.4
BUY CALL,24598.15,24577.5,24639.45,24601.30078125,EOD EXIT,10,3.15
BUY CALL,24593.5,24577.14,24626.22,24583.900390625,EOD EXIT,10,-9.6
BUY CALL,24774.3,24736.37,24850.16,24736.37,LOSS,1,-37.93
BUY PUT,24593.8,24550.08,24681.24,24681.24,WIN,1,87.44
BUY PUT,24582.9,24559.11,24630.48,24630.48,WIN,1,47.58
BUY PUT,24583.5,24563.24,24624.02,24624.02,WIN,1,40.52
BUY PUT,24581.8,24563.36,24618.68,24618.68,WIN,1,36.88
BUY PUT,24575.4,24556.74,24612.73,24612.73,WIN,1,37.33
BUY PUT,24589.2,24570.5,24626.59,24626.59,WIN,1,37.39
BUY PUT,24587.9,24569.31,24625.09,24625.09,WIN,1,37.19
BUY PUT,24590.9,24572.59,24627.52,24627.52,WIN,1,36.62
BUY PUT,24593.35,24576.14,24627.78,24627.78,WIN,1,34.43
BUY PUT,24585.9,24568.86,24619.98,24619.98,WIN,1,34.08
BUY PUT,24577.05,24559.69,24611.77,24611.77,WIN,1,34.72
BUY PUT,24568.8,24552.9,24600.61,24600.61,WIN,1,31.81
BUY PUT,24571.05,24554.86,24603.44,24603.44,WIN,1,32.39
BUY PUT,24555.45,24538.83,24588.7,24588.7,WIN,1,33.25
BUY PUT,24532.8,24514.11,24570.17,24570.17,WIN,1,37.37
BUY PUT,24532.75,24513.82,24570.61,24570.61,WIN,1,37.86
BUY PUT,24524.15,24504.48,24563.49,24563.49,WIN,1,39.34
BUY PUT,24521.9,24500.56,24564.59,24564.59,WIN,1,42.69
BUY PUT,24506.35,24484.6,24549.85,24549.85,WIN,1,43.5
BUY PUT,24511.3,24489.78,24554.35,24554.35,WIN,1,43.05
BUY PUT,24519.75,24497.31,24564.62,24564.62,WIN,1,44.87
BUY PUT,24519.35,24496.49,24565.08,24565.08,WIN,1,45.73
BUY PUT,24515.7,24492.9,24561.3,24561.3,WIN,1,45.6
BUY PUT,24507.55,24484.43,24553.79,24553.79,WIN,1,46.24
BUY PUT,24503.25,24479.71,24550.34,24550.34,WIN,1,47.09
BUY PUT,24493.35,24469.06,24541.93,24541.93,WIN,1,48.58
BUY PUT,24503.3,24478.92,24552.07,24552.07,WIN,1,48.77
BUY PUT,24500.05,24476.44,24547.27,24547.27,WIN,1,47.22
BUY PUT,24491.75,24469.81,24535.64,24535.64,WIN,1,43.89
BUY PUT,24493.65,24471.56,24537.83,24537.83,WIN,1,44.18
BUY PUT,24483.7,24461.74,24527.62,24527.62,WIN,1,43.92
BUY PUT,24479.6,24458.83,24521.13,24521.13,WIN,1,41.53
BUY PUT,24482.05,24461.94,24522.26,24522.26,WIN,1,40.21
BUY PUT,24491.8,24471.29,24532.82,24532.82,WIN,1,41.02
BUY PUT,24471.2,24450.13,24513.33,24513.33,WIN,1,42.13
BUY PUT,24463.7,24442.09,24506.91,24506.91,WIN,1,43.21
BUY PUT,24468.2,24446.01,24512.57,24512.57,WIN,1,44.37
BUY PUT,24453.8,24431.16,24499.08,24499.08,WIN,1,45.28
BUY PUT,24465.45,24443.02,24510.3,24510.3,WIN,1,44.85
BUY PUT,24446.7,24423.26,24493.59,24493.59,WIN,1,46.89
BUY PUT,24448.9,24424.59,24497.52,24497.52,WIN,1,48.62
BUY PUT,24445.4,24420.69,24494.83,24494.83,WIN,1,49.43
BUY PUT,24450.2,24425.15,24500.3,24500.3,WIN,1,50.1
BUY PUT,24462.35,24437.18,24512.69,24512.69,WIN,1,50.34
BUY CALL,24614.9,24575.63,24693.44,24612.0,EOD EXIT,10,-2.9
BUY CALL,24635.2,24593.38,24718.84,24593.38,LOSS,7,-41.82
BUY CALL,24625.3,24583.55,24708.8,24583.55,LOSS,7,-41.75
BUY CALL,24621.45,24581.55,24701.25,24611.80078125,EOD EXIT,10,-9.65
BUY CALL,24611.05,24570.74,24691.67,24615.900390625,EOD EXIT,10,4.85
BUY CALL,24622.05,24581.02,24704.11,24581.02,LOSS,10,-41.03
BUY CALL,24627.95,24586.98,24709.88,24586.98,LOSS,3,-40.97
BUY CALL,24628.35,24587.42,24710.22,24587.42,LOSS,2,-40.93
BUY CALL,24591.2,24547.75,24678.09,24594.400390625,EOD EXIT,10,3.2
BUY CALL,24594.05,24551.78,24678.6,24609.400390625,EOD EXIT,10,15.35
BUY CALL,24612.0,24568.31,24699.39,24568.31,LOSS,6,-43.69
BUY CALL,24605.9,24561.81,24694.09,24643.05078125,EOD EXIT,10,37.15
BUY CALL,24620.9,24574.95,24712.81,24574.95,LOSS,4,-45.95
BUY CALL,24611.8,24563.7,24708.01,24563.7,LOSS,3,-48.1
BUY PUT,24580.05,24548.65,24642.86,24642.86,WIN,1,62.81
BUY CALL,24648.3,24616.92,24711.06,24616.92,LOSS,4,-31.38
BUY PUT,24566.85,24545.65,24609.26,24609.26,WIN,1,42.41
BUY PUT,24571.95,24551.48,24612.88,24612.88,WIN,1,40.93
BUY PUT,24566.9,24546.82,24607.07,24607.07,WIN,1,40.17
BUY PUT,24543.85,24522.35,24586.85,24586.85,WIN,1,43.0
BUY PUT,24540.05,24518.33,24583.49,24583.49,WIN,1,43.44
BUY PUT,24532.05,24510.69,24574.78,24574.78,WIN,1,42.73
BUY PUT,24523.7,24502.16,24566.77,24566.77,WIN,1,43.07
BUY PUT,24522.65,24501.41,24565.12,24565.12,WIN,1,42.47
BUY PUT,24516.1,24494.85,24558.6,24558.6,WIN,1,42.5
BUY PUT,24530.8,24508.98,24574.45,24574.45,WIN,1,43.65
BUY PUT,24536.2,24512.84,24582.93,24582.93,WIN,1,46.73
BUY PUT,24535.05,24510.57,24584.01,24584.01,WIN,1,48.96
BUY PUT,24547.25,24521.57,24598.61,24598.61,WIN,1,51.36
BUY PUT,24526.0,24497.79,24582.42,24582.42,WIN,1,56.42
BUY PUT,24528.7,24500.25,24585.6,24585.6,WIN,1,56.9
BUY PUT,24520.05,24491.21,24577.74,24577.74,WIN,1,57.69
BUY PUT,24520.5,24491.75,24578.0,24578.0,WIN,1,57.5
BUY PUT,24503.15,24474.77,24559.9,24559.9,WIN,1,56.75
